,time,open,high,low,close,tick_volume,spread,real_volume
0,1701105060,224.37,224.39,224.26,224.33,9,142,0
1,1701105120,224.3,224.31,223.89,223.89,6,139,0
2,1701105180,223.91,224.14,223.91,224.13,9,135,0
3,1701105240,224.07,224.23,224.07,224.16,8,127,0
4,1701105300,224.09,224.37,224.09,224.37,10,135,0
5,1701105360,224.37,224.51,224.34,224.34,9,135,0
6,1701105420,224.34,224.56,224.2,224.29,11,141,0
7,1701105480,224.34,224.43,224.34,224.42,4,130,0
8,1701105540,224.42,224.43,224.15,224.18,7,140,0
9,1701105600,224.18,224.24,224.17,224.18,7,138,0
10,1701105660,224.18,224.18,223.98,224.09,11,138,0
11,1701105720,224.1,224.29,224.06,224.13,12,137,0
12,1701105780,224.08,224.19,224.08,224.16,8,133,0
13,1701105840,224.21,224.23,224.09,224.12,8,129,0
14,1701105900,224.12,224.22,223.97,224.0,11,130,0
15,1701105960,224.0,224.09,223.87,223.89,11,136,0
16,1701106020,223.9,223.99,223.9,223.99,3,133,0
17,1701106080,223.99,224.02,223.91,224.02,6,133,0
18,1701106140,224.02,224.09,224.02,224.09,3,140,0
19,1701106200,224.09,224.2,223.84,224.2,10,138,0
20,1701106260,224.16,224.16,223.85,223.99,10,136,0
21,1701106320,223.99,224.07,223.77,223.87,4,131,0
22,1701106380,223.87,223.87,223.87,223.87,1,133,0
23,1701106440,223.87,223.87,223.53,223.75,9,133,0
24,1701106500,223.75,223.84,223.6,223.68,5,142,0
25,1701106560,223.68,223.84,223.68,223.84,7,138,0
26,1701106620,223.84,223.86,223.72,223.81,10,131,0
27,1701106680,223.82,224.0,223.82,223.96,8,134,0
28,1701106740,223.96,224.07,223.96,224.07,4,135,0
29,1701106800,224.07,224.08,224.07,224.07,3,134,0
30,1701106860,224.07,224.07,223.9,223.98,10,135,0
31,1701106920,223.99,223.99,223.87,223.88,3,137,0
32,1701106980,223.88,223.88,223.7,223.84,7,135,0
33,1701107040,223.78,223.98,223.78,223.87,9,130,0
34,1701107100,223.87,223.87,223.69,223.69,8,137,0
35,1701107160,223.69,223.69,223.48,223.53,9,146,0
36,1701107220,223.53,223.53,223.53,223.53,1,139,0
37,1701107280,223.53,223.53,223.34,223.38,3,136,0
38,1701107340,223.38,223.38,223.22,223.24,3,144,0
39,1701107400,223.24,223.24,222.62,222.94,15,140,0
40,1701107460,222.94,222.97,222.87,222.97,9,137,0
41,1701107520,222.9,223.15,222.9,223.09,7,128,0
42,1701107580,223.09,223.17,223.09,223.17,8,146,0
43,1701107640,223.17,223.37,223.17,223.37,5,137,0
44,1701107700,223.37,223.37,222.96,223.06,11,132,0
45,1701107760,223.06,223.06,222.66,222.69,9,138,0
46,1701107820,222.69,222.73,222.26,222.73,9,133,0
47,1701107880,222.73,222.73,222.56,222.72,9,132,0
48,1701107940,222.72,222.72,222.49,222.49,6,134,0
49,1701108000,222.49,222.67,222.26,222.67,7,122,0
50,1701108060,222.68,222.89,222.47,222.76,14,136,0
51,1701108120,222.76,223.16,222.51,223.16,9,138,0
52,1701108180,223.16,223.26,222.87,223.17,6,138,0
53,1701108240,223.17,223.24,223.17,223.17,9,139,0
54,1701108300,223.17,223.18,223.17,223.17,3,141,0
55,1701108360,223.16,223.3,223.16,223.3,6,133,0
56,1701108420,223.17,223.36,223.17,223.36,7,137,0
57,1701108480,223.37,223.57,223.37,223.37,7,135,0
58,1701108540,223.37,223.38,223.37,223.38,2,153,0
59,1701108600,223.44,223.5,223.38,223.5,10,141,0
60,1701108660,223.55,223.62,223.37,223.37,7,130,0
61,1701108720,223.37,223.45,223.37,223.43,6,139,0
62,1701108780,223.43,223.5,223.37,223.5,9,134,0
63,1701108840,223.5,223.5,223.3,223.3,7,139,0
64,1701108900,223.35,223.35,223.3,223.31,3,141,0
65,1701108960,223.31,223.39,223.31,223.39,4,144,0
66,1701109020,223.39,223.47,223.39,223.47,8,137,0
67,1701109080,223.47,223.48,223.47,223.48,2,141,0
68,1701109140,223.48,223.68,223.48,223.68,5,132,0
69,1701109200,223.68,223.68,223.67,223.67,2,133,0
70,1701109260,223.67,223.67,223.42,223.48,5,135,0
71,1701109320,223.48,223.48,223.3,223.39,6,133,0
72,1701109380,223.38,223.39,223.38,223.38,3,131,0
73,1701109440,223.38,223.38,223.17,223.17,3,123,0
74,1701109500,223.17,223.17,222.38,222.8,9,121,0
75,1701109560,222.88,223.37,222.78,223.3,12,123,0
76,1701109620,223.3,223.58,223.3,223.58,9,123,0
77,1701109680,223.58,223.58,223.57,223.58,3,136,0
78,1701109740,223.58,223.64,223.57,223.58,7,130,0
79,1701109800,223.58,223.87,223.58,223.87,6,134,0
80,1701109860,223.77,223.87,223.56,223.73,9,142,0
81,1701109920,223.73,223.74,223.58,223.66,8,141,0
82,1701109980,223.66,223.7,223.58,223.7,6,131,0
83,1701110040,223.7,223.7,223.58,223.58,2,131,0
84,1701110100,223.58,223.64,223.58,223.58,5,137,0
85,1701110160,223.58,223.58,223.46,223.47,12,142,0
86,1701110220,223.47,223.55,223.47,223.47,6,146,0
87,1701110280,223.53,223.65,223.53,223.62,5,136,0
88,1701110340,223.61,223.87,223.61,223.87,8,134,0
89,1701110400,223.88,223.94,223.87,223.94,4,139,0
90,1701110460,224.0,224.08,224.0,224.08,4,127,0
91,1701110520,224.08,224.08,224.08,224.08,1,144,0
92,1701110580,224.08,224.08,224.08,224.08,1,144,0
93,1701110640,224.08,224.47,224.08,224.36,13,135,0
94,1701110700,224.37,224.57,224.36,224.57,6,141,0
95,1701110760,224.57,224.57,224.57,224.57,1,145,0
96,1701110820,224.57,224.57,224.47,224.47,4,135,0
97,1701110880,224.47,224.47,224.27,224.37,4,144,0
98,1701110940,224.37,224.37,224.17,224.27,5,134,0
99,1701111000,224.27,224.27,224.06,224.07,5,140,0
100,1701111060,224.07,224.08,224.07,224.07,3,145,0
101,1701111120,224.07,224.08,224.07,224.07,3,151,0
102,1701111180,224.07,224.1,224.07,224.08,8,144,0
103,1701111240,224.14,224.19,224.08,224.19,7,139,0
104,1701111300,224.19,224.33,224.09,224.33,12,131,0
105,1701111360,224.33,224.47,224.33,224.47,4,132,0
106,1701111420,224.47,224.47,224.37,224.4,7,138,0
107,1701111480,224.4,224.4,224.39,224.39,4,141,0
108,1701111540,224.39,224.59,224.39,224.59,8,130,0
109,1701111600,224.59,224.59,224.47,224.54,6,142,0
110,1701111660,224.54,224.6,224.4,224.4,5,138,0
111,1701111720,224.4,224.4,224.26,224.27,5,137,0
112,1701111780,224.27,224.27,224.27,224.27,1,140,0
113,1701111840,224.27,224.67,224.27,224.67,6,144,0
114,1701111900,224.68,224.87,224.68,224.87,3,138,0
115,1701111960,224.87,224.87,224.87,224.87,1,139,0
116,1701112020,224.87,224.87,224.87,224.87,1,139,0
117,1701112080,224.87,224.97,224.87,224.97,2,128,0
118,1701112140,224.97,225.04,224.97,225.04,3,129,0
119,1701112200,225.17,225.28,225.17,225.26,8,132,0
120,1701112260,225.35,225.46,225.26,225.46,4,133,0
121,1701112320,225.46,225.46,225.46,225.46,1,133,0
122,1701112380,225.46,225.46,225.19,225.26,3,131,0
123,1701112440,225.27,225.27,225.27,225.27,1,144,0
124,1701112500,225.27,225.27,225.19,225.19,2,137,0
125,1701112560,225.19,225.24,225.06,225.24,8,136,0
126,1701112620,225.24,225.24,225.17,225.23,8,140,0
127,1701112680,225.17,225.46,225.17,225.46,3,128,0
128,1701112740,225.46,225.46,225.19,225.28,8,128,0
129,1701112800,225.28,225.28,225.28,225.28,1,147,0
130,1701112860,225.28,225.28,225.28,225.28,1,151,0
131,1701112920,225.28,225.28,225.28,225.28,1,143,0
132,1701112980,225.28,225.47,225.28,225.47,4,127,0
133,1701113040,225.47,225.48,225.47,225.48,2,127,0
134,1701113100,225.48,225.48,225.13,225.21,7,121,0
135,1701113160,225.19,225.4,225.19,225.34,8,128,0
136,1701113220,225.34,225.34,225.19,225.19,4,133,0
137,1701113280,225.19,225.31,225.19,225.31,5,140,0
138,1701113340,225.31,225.36,225.31,225.31,5,135,0
139,1701113400,225.31,225.4,225.31,225.4,2,140,0
140,1701113460,225.4,225.48,225.31,225.44,7,132,0
141,1701113520,225.44,225.44,225.25,225.31,4,136,0
142,1701113580,225.31,225.31,224.91,224.91,6,133,0
143,1701113640,224.91,225.18,224.91,225.18,8,131,0
144,1701113700,225.05,225.18,225.05,225.18,3,137,0
145,1701113760,225.18,225.18,221.87,222.23,32,144,0
146,1701113820,222.23,222.92,222.23,222.92,8,155,0
147,1701113880,222.94,223.22,222.53,223.02,12,142,0
148,1701113940,222.82,222.82,221.94,222.62,14,135,0
149,1701114000,222.62,222.92,222.06,222.63,9,148,0
150,1701114060,222.63,222.63,222.63,222.63,1,164,0
151,1701114120,222.63,222.64,222.43,222.56,7,124,0
152,1701114180,222.46,222.52,222.46,222.46,5,135,0
153,1701114240,222.46,222.52,222.46,222.52,2,135,0
154,1701114300,222.58,222.58,222.03,222.34,9,125,0
155,1701114360,222.15,222.33,222.12,222.27,9,144,0
156,1701114420,222.24,222.32,222.24,222.32,8,145,0
157,1701114480,222.32,222.32,222.13,222.13,4,145,0
158,1701114540,222.14,222.14,222.13,222.13,4,146,0
159,1701114600,222.13,222.13,221.46,221.73,10,142,0
160,1701114660,221.73,222.35,221.66,222.15,12,140,0
161,1701114720,222.15,222.15,221.61,221.76,11,137,0
162,1701114780,221.76,221.77,221.48,221.56,6,134,0
163,1701114840,221.59,221.67,221.59,221.67,2,138,0
164,1701114900,221.67,221.67,221.47,221.49,3,139,0
165,1701114960,221.55,221.67,221.55,221.67,4,138,0
166,1701115020,221.67,221.77,221.36,221.38,9,150,0
167,1701115080,221.38,221.55,221.38,221.55,7,139,0
168,1701115140,221.55,221.69,221.55,221.68,5,133,0
169,1701115200,221.68,221.71,221.68,221.71,4,152,0
170,1701115260,221.71,221.86,221.71,221.86,11,138,0
171,1701115320,221.79,222.1,221.79,222.1,8,138,0
172,1701115380,222.1,222.15,222.1,222.1,3,133,0
173,1701115440,222.1,222.1,222.1,222.1,1,133,0
174,1701115500,222.1,222.1,221.76,221.8,3,143,0
175,1701115560,221.87,222.25,221.87,222.25,9,137,0
176,1701115620,222.05,222.08,222.05,222.07,4,144,0
177,1701115680,222.14,222.29,222.07,222.21,10,131,0
178,1701115740,222.26,222.26,222.21,222.21,2,136,0
179,1701115800,222.21,222.22,222.21,222.22,4,140,0
180,1701115860,222.22,222.34,222.21,222.21,14,129,0
181,1701115920,222.21,222.21,222.21,222.21,1,141,0
182,1701115980,222.21,222.21,222.21,222.21,1,141,0
183,1701116040,222.21,222.22,222.21,222.22,2,140,0
184,1701116100,222.21,222.33,222.21,222.33,5,129,0
185,1701116160,222.33,222.34,222.33,222.33,3,127,0
186,1701116220,222.33,222.33,222.33,222.33,1,148,0
187,1701116280,222.33,222.33,222.33,222.33,1,130,0
188,1701116340,222.33,222.33,222.33,222.33,1,150,0
189,1701116400,222.34,222.34,222.34,222.34,1,148,0
190,1701116460,222.35,222.35,222.35,222.35,1,132,0
191,1701116520,222.35,222.35,222.35,222.35,1,142,0
192,1701116580,222.35,222.35,222.35,222.35,1,142,0
193,1701116640,222.35,222.35,222.35,222.35,1,142,0
194,1701116700,222.35,222.35,222.35,222.35,1,129,0
195,1701116760,222.35,222.35,222.03,222.17,5,129,0
196,1701116820,222.04,222.32,222.04,222.17,9,130,0
197,1701116880,222.27,222.27,222.17,222.17,2,135,0
198,1701116940,222.21,222.21,222.17,222.17,2,141,0
199,1701117000,222.17,222.17,222.17,222.17,1,145,0
200,1701117060,222.17,222.17,222.04,222.1,3,141,0
201,1701117120,222.1,222.22,222.04,222.18,5,129,0
202,1701117180,222.26,222.3,222.26,222.26,3,131,0
203,1701117240,222.26,222.26,222.02,222.14,4,135,0
204,1701117300,222.14,222.19,222.1,222.1,7,132,0
205,1701117360,222.1,222.1,222.1,222.1,1,141,0
206,1701117420,222.1,222.1,222.1,222.1,1,141,0
207,1701117480,222.1,222.1,222.1,222.1,1,141,0
208,1701117540,222.1,222.1,222.1,222.1,1,141,0
209,1701117600,222.1,222.1,221.63,221.67,7,141,0
210,1701117660,221.63,221.81,221.63,221.73,9,131,0
211,1701117720,221.73,221.79,221.72,221.78,5,133,0
212,1701117780,221.78,221.79,221.72,221.79,8,133,0
213,1701117840,221.79,221.79,221.72,221.79,5,133,0
214,1701117900,221.79,221.79,221.72,221.78,7,133,0
215,1701117960,221.72,221.85,221.72,221.85,5,127,0
216,1701118020,221.85,221.91,221.85,221.91,2,141,0
217,1701118080,221.91,221.91,221.85,221.85,4,141,0
218,1701118140,221.85,221.9,221.85,221.86,4,142,0
219,1701118200,221.86,221.86,221.86,221.86,1,139,0
220,1701118260,221.86,221.86,221.54,221.61,6,135,0
221,1701118320,221.61,221.61,221.54,221.54,3,141,0
222,1701118380,221.54,221.54,221.31,221.36,5,142,0
223,1701118440,221.36,221.39,221.31,221.38,7,143,0
224,1701118500,221.38,221.48,221.38,221.48,6,134,0
225,1701118560,221.48,221.48,221.31,221.38,5,134,0
226,1701118620,221.38,221.38,221.32,221.32,2,144,0
227,1701118680,221.32,221.37,221.32,221.37,2,144,0
228,1701118740,221.37,221.37,221.13,221.13,5,144,0
229,1701118800,221.13,221.15,221.13,221.13,3,147,0
230,1701118860,221.14,221.33,220.9,221.06,16,129,0
231,1701118920,221.06,221.39,221.06,221.39,10,128,0
232,1701118980,221.38,221.45,221.38,221.38,5,128,0
233,1701119040,221.44,221.44,221.22,221.27,5,129,0
234,1701119100,221.27,221.3,221.23,221.23,7,142,0
235,1701119160,221.23,221.23,221.06,221.06,2,138,0
236,1701119220,221.14,221.19,221.06,221.08,10,133,0
237,1701119280,221.08,221.16,220.94,220.96,10,135,0
238,1701119340,221.03,221.03,220.85,220.87,8,138,0
239,1701119400,220.86,221.06,220.86,221.06,4,133,0
240,1701119460,221.1,221.1,221.07,221.07,4,142,0
241,1701119520,221.07,221.26,221.07,221.07,12,126,0
242,1701119580,221.13,221.26,221.07,221.26,8,131,0
243,1701119640,221.31,221.43,221.31,221.43,3,126,0
244,1701119700,221.43,221.51,221.28,221.51,10,129,0
245,1701119760,221.51,221.56,221.43,221.43,6,135,0
246,1701119820,221.43,221.57,221.43,221.57,7,134,0
247,1701119880,221.58,221.58,221.57,221.57,2,133,0
248,1701119940,221.57,221.57,221.27,221.38,4,128,0
249,1701120000,221.38,221.5,221.38,221.5,2,126,0
250,1701120060,221.5,221.5,221.18,221.19,9,116,0
251,1701120120,221.19,221.2,221.19,221.19,3,133,0
252,1701120180,221.19,221.26,221.04,221.11,6,127,0
253,1701120240,221.18,221.19,221.18,221.19,2,134,0
254,1701120300,221.2,221.28,221.19,221.28,5,124,0
255,1701120360,221.2,221.31,221.2,221.31,5,121,0
256,1701120420,221.31,221.36,221.29,221.36,3,125,0
257,1701120480,221.29,221.43,221.29,221.38,5,120,0
258,1701120540,221.38,221.42,221.38,221.4,3,139,0
259,1701120600,221.4,221.47,221.4,221.47,2,134,0
260,1701120660,221.42,221.5,221.42,221.5,3,131,0
261,1701120720,221.49,221.55,221.49,221.55,2,126,0
262,1701120780,221.55,221.62,221.55,221.6,6,121,0
263,1701120840,221.6,221.6,221.48,221.48,3,130,0
264,1701120900,221.49,221.49,221.37,221.37,12,128,0
265,1701120960,221.37,221.51,221.37,221.51,8,122,0
266,1701121020,221.51,221.51,221.41,221.41,2,131,0
267,1701121080,221.37,221.37,221.27,221.28,4,145,0
268,1701121140,221.28,221.31,220.89,221.29,7,140,0
269,1701121200,221.29,221.29,220.98,221.09,8,137,0
270,1701121260,221.09,221.21,221.08,221.08,5,131,0
271,1701121320,221.08,221.08,220.37,220.77,14,142,0
272,1701121380,220.77,220.77,220.16,220.17,8,143,0
273,1701121440,220.17,220.17,219.96,219.96,4,138,0
274,1701121500,219.96,219.96,219.11,219.49,19,139,0
275,1701121560,219.35,219.94,219.35,219.84,18,130,0
276,1701121620,219.85,219.86,218.37,218.74,20,149,0
277,1701121680,218.74,219.04,218.33,219.04,12,145,0
278,1701121740,219.04,219.73,219.03,219.44,12,129,0
279,1701121800,219.44,219.74,219.24,219.74,11,143,0
280,1701121860,219.74,220.04,219.63,220.04,15,133,0
281,1701121920,220.04,220.04,220.04,220.04,1,159,0
282,1701121980,220.04,220.04,220.04,220.04,1,158,0
283,1701122040,220.04,220.43,219.85,220.23,14,119,0
284,1701122100,220.14,220.14,219.94,220.05,5,143,0
285,1701122160,220.05,220.05,220.05,220.05,1,151,0
286,1701122220,220.05,220.05,220.05,220.05,1,151,0
287,1701122280,220.05,220.07,220.05,220.06,4,148,0
288,1701122340,220.06,220.45,220.06,220.45,6,147,0
289,1701122400,220.35,220.36,220.35,220.36,2,157,0
290,1701122460,220.36,220.75,220.36,220.75,8,149,0
291,1701122520,220.75,220.75,220.75,220.75,1,150,0
292,1701122580,220.74,220.74,220.19,220.21,10,148,0
293,1701122640,220.21,220.22,220.21,220.22,2,151,0
294,1701122700,220.22,220.23,220.22,220.23,2,149,0
295,1701122760,220.23,220.23,220.0,220.01,3,148,0
296,1701122820,220.01,220.25,220.01,220.25,6,136,0
297,1701122880,220.18,220.31,220.18,220.23,6,142,0
298,1701122940,220.18,220.38,220.18,220.33,9,134,0
299,1701123000,220.38,220.55,220.38,220.55,5,137,0
300,1701123060,220.48,220.56,220.48,220.56,5,136,0
301,1701123120,220.48,220.56,220.48,220.56,5,136,0
302,1701123180,220.48,220.61,220.48,220.56,7,131,0
303,1701123240,220.48,220.54,220.48,220.48,5,138,0
304,1701123300,220.48,220.48,220.07,220.28,9,138,0
305,1701123360,220.28,220.36,220.28,220.34,6,136,0
306,1701123420,220.4,220.48,220.28,220.48,8,132,0
307,1701123480,220.63,220.68,220.63,220.68,3,142,0
308,1701123540,220.68,220.68,220.51,220.51,2,132,0
309,1701123600,220.53,220.57,220.17,220.28,8,133,0
310,1701123660,220.29,220.35,220.28,220.28,7,141,0
311,1701123720,220.35,220.35,220.07,220.18,4,136,0
312,1701123780,220.18,220.18,220.08,220.08,3,132,0
313,1701123840,220.08,220.18,220.08,220.18,2,138,0
314,1701123900,220.18,220.18,220.08,220.08,2,129,0
315,1701123960,220.08,220.08,219.89,219.89,5,131,0
316,1701124020,219.89,219.89,219.67,219.67,5,138,0
317,1701124080,219.67,219.67,219.67,219.67,1,142,0
318,1701124140,219.67,219.67,219.47,219.48,3,136,0
319,1701124200,219.48,219.55,219.47,219.55,4,127,0
320,1701124260,219.55,219.55,219.21,219.21,14,114,0
321,1701124320,219.32,219.5,219.32,219.49,11,126,0
322,1701124380,219.49,219.49,219.49,219.49,1,136,0
323,1701124440,219.49,219.54,219.23,219.45,10,129,0
324,1701124500,219.44,219.57,219.29,219.29,6,117,0
325,1701124560,219.3,219.56,219.29,219.47,7,128,0
326,1701124620,219.47,219.58,219.47,219.58,4,134,0
327,1701124680,219.63,219.67,219.57,219.67,5,128,0
328,1701124740,219.67,219.67,219.67,219.67,1,139,0
329,1701124800,219.67,219.67,219.37,219.4,5,134,0
330,1701124860,219.38,219.68,219.38,219.68,7,132,0
331,1701124920,219.68,219.81,219.68,219.81,9,140,0
332,1701124980,219.81,219.81,219.77,219.78,3,127,0
333,1701125040,219.78,219.88,219.78,219.88,3,131,0
334,1701125100,219.88,219.95,219.88,219.88,6,138,0
335,1701125160,219.88,219.99,219.88,219.92,4,134,0
336,1701125220,219.98,219.99,219.64,219.66,8,134,0
337,1701125280,219.7,219.7,219.7,219.7,1,142,0
338,1701125340,219.7,219.7,219.7,219.7,1,141,0
339,1701125400,219.7,219.88,219.7,219.88,4,137,0
340,1701125460,219.88,219.91,219.88,219.88,3,142,0
341,1701125520,219.88,219.88,219.88,219.88,1,123,0
342,1701125580,219.71,219.71,219.71,219.71,1,140,0
343,1701125640,219.71,219.77,219.71,219.71,7,134,0
344,1701125700,219.72,219.96,219.71,219.94,9,128,0
345,1701125760,219.98,219.99,219.98,219.98,3,131,0
346,1701125820,219.98,219.98,219.78,219.8,6,125,0
347,1701125880,219.8,219.99,219.79,219.99,6,135,0
348,1701125940,219.99,219.99,219.89,219.89,2,129,0
349,1701126000,219.89,219.89,219.71,219.79,4,130,0
350,1701126060,219.79,219.99,219.79,219.99,3,135,0
351,1701126120,219.99,219.99,219.69,219.7,5,113,0
352,1701126180,219.7,219.76,219.69,219.76,7,138,0
353,1701126240,219.76,219.88,219.76,219.87,4,133,0
354,1701126300,219.87,220.01,219.87,220.01,4,121,0
355,1701126360,220.01,220.09,220.01,220.09,6,142,0
356,1701126420,220.09,220.09,220.03,220.03,2,136,0
357,1701126480,220.03,220.11,220.02,220.02,3,140,0
358,1701126540,220.09,220.13,220.02,220.13,5,139,0
359,1701126600,220.13,220.28,220.1,220.28,6,139,0
360,1701126660,220.28,220.3,220.28,220.3,2,149,0
361,1701126720,220.3,220.44,220.3,220.38,6,139,0
362,1701126780,220.38,220.43,220.38,220.38,3,140,0
363,1701126840,220.38,220.43,220.38,220.43,2,140,0
364,1701126900,220.38,220.53,220.38,220.53,9,137,0
365,1701126960,220.54,220.76,220.54,220.76,6,125,0
366,1701127020,220.76,220.86,220.76,220.86,5,130,0
367,1701127080,220.87,220.87,220.77,220.87,9,129,0
368,1701127140,220.87,220.88,220.87,220.87,3,127,0
369,1701127200,220.86,220.86,220.77,220.78,3,133,0
370,1701127260,220.57,220.64,220.57,220.58,6,140,0
371,1701127320,220.6,220.78,220.58,220.78,5,133,0
372,1701127380,220.78,220.78,220.78,220.78,1,139,0
373,1701127440,220.78,220.78,220.78,220.78,1,139,0
374,1701127500,220.78,220.78,220.78,220.78,1,139,0
375,1701127560,220.78,220.89,220.78,220.89,3,134,0
376,1701127620,220.89,220.9,220.89,220.9,2,140,0
377,1701127680,220.9,220.9,220.89,220.89,2,141,0
378,1701127740,220.89,220.98,220.87,220.98,6,132,0
379,1701127800,220.98,220.99,220.98,220.99,2,131,0
380,1701127860,220.99,221.17,220.99,221.17,4,128,0
381,1701127920,221.17,221.17,221.17,221.17,1,131,0
382,1701127980,221.18,221.27,221.18,221.27,2,132,0
383,1701128040,221.37,221.38,221.37,221.37,3,125,0
384,1701128100,221.37,221.38,221.37,221.38,2,131,0
385,1701128160,221.38,221.38,221.38,221.38,1,131,0
386,1701128220,221.38,221.57,221.33,221.33,4,124,0
387,1701128280,221.33,221.33,220.88,221.16,8,130,0
388,1701128340,221.09,221.23,220.98,220.98,3,139,0
389,1701128400,220.98,220.98,220.73,220.73,2,135,0
390,1701128460,220.73,220.89,220.73,220.87,6,134,0
391,1701128520,220.87,221.08,220.87,221.08,8,125,0
392,1701128580,221.08,221.08,221.07,221.07,2,132,0
393,1701128640,221.07,221.07,221.07,221.07,1,137,0
394,1701128700,221.07,221.07,220.58,220.78,9,130,0
395,1701128760,220.78,220.84,220.78,220.84,2,138,0
396,1701128820,220.89,221.08,220.89,221.08,5,133,0
397,1701128880,221.08,221.08,221.08,221.08,1,144,0
398,1701128940,221.08,221.08,221.07,221.07,2,144,0
399,1701129000,221.07,221.07,220.98,220.98,2,125,0
400,1701129060,220.98,220.98,220.98,220.98,1,115,0
401,1701129120,220.98,220.98,220.71,220.71,5,134,0
402,1701129180,220.72,220.77,220.71,220.72,7,144,0
403,1701129240,220.72,220.77,220.72,220.73,3,143,0
404,1701129300,220.73,220.73,220.49,220.65,9,134,0
405,1701129360,220.65,220.65,220.65,220.65,1,137,0
406,1701129420,220.65,220.75,220.65,220.75,6,127,0
407,1701129480,220.75,220.88,220.75,220.88,3,143,0
408,1701129900,220.77,221.04,220.77,221.04,5,149,0
409,1701129960,221.04,221.06,221.04,221.06,2,144,0
410,1701130020,221.06,221.16,221.06,221.16,4,135,0
411,1701130080,221.1,221.22,221.1,221.21,6,129,0
412,1701130140,221.21,221.21,221.21,221.21,1,130,0
413,1701130200,220.99,221.05,220.99,221.05,4,146,0
414,1701130260,220.99,221.1,220.99,220.99,4,139,0
415,1701130320,220.99,221.1,220.99,221.1,3,141,0
416,1701130380,221.1,221.1,220.99,220.99,4,141,0
417,1701130440,221.04,221.04,220.99,220.99,4,137,0
418,1701130500,220.99,221.04,220.99,221.04,2,147,0
419,1701130560,221.04,221.04,221.04,221.04,1,147,0
420,1701130620,221.04,221.04,221.04,221.04,1,147,0
421,1701130680,221.05,221.05,221.05,221.05,1,145,0
422,1701130740,221.0,221.1,221.0,221.04,4,140,0
423,1701130800,221.04,221.05,220.82,220.82,7,140,0
424,1701130860,220.73,220.89,220.67,220.67,9,145,0
425,1701130920,220.7,220.76,220.55,220.76,9,136,0
426,1701130980,220.76,220.86,220.75,220.82,6,141,0
427,1701131040,220.82,220.87,220.82,220.87,2,144,0
428,1701131100,220.87,220.92,220.76,220.92,9,141,0
429,1701131160,220.92,221.17,220.86,220.99,12,144,0
430,1701131220,221.02,221.06,220.9,220.95,8,143,0
431,1701131280,221.0,221.1,220.49,221.06,7,142,0
432,1701131340,221.06,221.11,220.96,221.09,9,151,0
433,1701131400,221.09,221.23,220.84,221.23,10,148,0
434,1701131460,221.23,221.27,221.09,221.27,8,144,0
435,1701131520,221.27,221.27,221.09,221.14,7,147,0
436,1701131580,221.09,221.14,221.04,221.14,6,146,0
437,1701131640,221.14,221.15,221.05,221.15,5,148,0
438,1701131700,221.15,221.15,221.15,221.15,1,147,0
439,1701131760,221.15,221.15,221.15,221.15,1,147,0
440,1701131820,221.15,221.15,221.05,221.12,3,150,0
441,1701131880,220.97,221.11,220.97,221.11,4,152,0
442,1701131940,221.11,221.17,221.0,221.0,4,146,0
443,1701132000,221.11,221.28,221.11,221.28,7,144,0
444,1701132060,221.28,221.28,221.28,221.28,1,143,0
445,1701132120,221.28,221.38,221.22,221.38,4,145,0
446,1701132180,221.38,221.38,221.31,221.31,2,148,0
447,1701132240,221.37,221.41,221.31,221.41,5,148,0
448,1701132300,221.31,221.36,221.31,221.36,2,146,0
449,1701132360,221.36,221.46,221.3,221.46,4,150,0
450,1701132420,221.46,221.46,221.46,221.46,1,148,0
451,1701132480,221.46,221.46,221.39,221.39,2,148,0
452,1701132540,221.39,221.45,221.29,221.45,3,148,0
453,1701132600,221.45,221.49,221.38,221.38,3,144,0
454,1701132660,221.41,221.46,221.26,221.44,6,149,0
455,1701132720,221.37,221.59,220.85,221.59,4,144,0
456,1701132780,221.59,221.59,221.44,221.57,5,145,0
457,1701132840,221.57,221.57,221.57,221.57,1,148,0
458,1701132900,221.57,221.57,221.57,221.57,1,148,0
459,1701132960,221.57,221.64,221.35,221.49,10,148,0
460,1701133020,221.63,221.68,221.49,221.68,3,144,0
461,1701133080,221.68,221.69,221.49,221.69,7,148,0
462,1701133140,221.59,221.64,221.51,221.64,6,150,0
463,1701133200,221.68,221.78,221.38,221.78,9,129,0
464,1701133260,221.78,221.88,221.7,221.8,9,149,0
465,1701133320,221.88,221.9,221.78,221.78,4,146,0
466,1701133380,221.88,221.88,221.78,221.78,4,144,0
467,1701133440,221.85,221.98,221.85,221.87,5,137,0
468,1701133500,221.87,221.97,221.87,221.97,3,141,0
469,1701133560,222.07,222.17,221.97,222.02,6,144,0
470,1701133620,221.97,222.07,221.97,221.97,3,147,0
471,1701133680,221.97,222.07,221.93,221.97,8,135,0
472,1701133740,221.97,222.07,221.94,222.07,5,146,0
473,1701133800,221.57,222.17,221.57,222.17,7,144,0
474,1701133860,222.27,222.27,222.1,222.1,5,149,0
475,1701133920,222.07,222.27,222.0,222.27,7,140,0
476,1701133980,222.27,222.47,222.17,222.36,8,151,0
477,1701134040,222.46,222.56,222.36,222.46,7,158,0
478,1701134100,222.46,222.47,222.29,222.47,6,154,0
479,1701134160,222.57,222.57,222.57,222.57,1,156,0
480,1701134220,222.47,222.57,222.47,222.47,3,156,0
481,1701134280,222.37,222.67,222.37,222.57,6,156,0
482,1701134340,222.67,222.67,222.57,222.57,2,156,0
483,1701134400,222.57,222.57,222.47,222.47,4,156,0
484,1701134460,222.47,222.47,222.47,222.47,1,156,0
485,1701134520,222.47,222.67,222.47,222.67,2,156,0
486,1701134580,222.67,222.77,222.67,222.67,3,156,0
487,1701134640,222.58,222.87,222.57,222.68,8,155,0
488,1701134700,222.77,222.77,222.57,222.77,5,148,0
489,1701134760,222.77,222.77,222.67,222.67,4,143,0
490,1701134820,222.67,222.87,222.57,222.57,5,156,0
491,1701134880,222.57,222.77,222.57,222.77,4,156,0
492,1701134940,222.67,222.97,222.67,222.77,7,155,0
493,1701135000,222.77,222.77,222.67,222.67,2,156,0
494,1701135060,222.56,222.87,222.55,222.77,9,156,0
495,1701135120,222.67,222.77,222.57,222.67,7,156,0
496,1701135180,222.67,222.97,222.66,222.97,8,156,0
497,1701135240,222.97,222.97,222.97,222.97,1,156,0
498,1701135300,222.97,222.97,222.67,222.67,4,152,0
499,1701135360,222.67,222.77,222.67,222.77,2,156,0
500,1701135420,222.77,222.78,222.77,222.78,2,154,0
501,1701135480,222.98,222.98,222.98,222.98,1,154,0
502,1701135540,222.88,223.08,222.83,223.07,5,154,0
503,1701135600,223.07,223.07,222.87,222.87,2,156,0
504,1701135660,223.07,223.17,222.88,223.17,6,155,0
505,1701135720,223.07,223.07,223.07,223.07,1,156,0
506,1701135780,222.97,223.07,222.77,223.07,7,156,0
507,1701135840,223.07,223.07,222.97,222.97,2,156,0
508,1701135900,222.87,222.87,222.57,222.57,3,156,0
509,1701135960,222.47,222.77,222.47,222.77,4,156,0
510,1701136020,222.67,222.67,222.57,222.57,2,149,0
511,1701136080,222.57,222.67,222.57,222.65,7,145,0
512,1701136140,222.65,222.67,222.57,222.58,5,144,0
513,1701136200,222.52,222.67,222.52,222.57,6,139,0
514,1701136260,222.62,222.67,222.62,222.67,2,146,0
515,1701136320,222.67,222.77,222.67,222.77,3,150,0
516,1701136380,222.77,222.87,222.67,222.67,7,124,0
517,1701136440,222.67,222.67,222.57,222.57,2,143,0
518,1701136500,222.57,222.67,222.57,222.67,4,139,0
519,1701136560,222.67,222.67,222.54,222.54,3,144,0
520,1701136620,222.27,222.57,222.27,222.51,6,143,0
521,1701136680,222.51,222.77,222.47,222.77,8,144,0
522,1701136740,222.57,222.57,222.47,222.57,9,140,0
523,1701136800,222.59,222.67,222.52,222.58,7,138,0
524,1701136860,222.58,222.58,222.48,222.48,4,135,0
525,1701136920,222.48,222.48,222.32,222.38,4,136,0
526,1701136980,222.38,222.48,222.38,222.48,5,137,0
527,1701137040,222.38,222.44,222.35,222.38,7,141,0
528,1701137100,222.38,222.38,222.17,222.29,10,141,0
529,1701137160,222.27,222.27,222.17,222.17,2,141,0
530,1701137220,222.17,222.17,222.1,222.11,6,138,0
531,1701137280,222.16,222.18,221.97,222.17,7,140,0
532,1701137340,222.17,222.27,221.81,221.81,15,130,0
533,1701137400,221.89,221.98,221.81,221.98,7,135,0
534,1701137460,221.98,222.08,221.92,222.08,4,130,0
535,1701137520,222.01,222.01,221.87,221.87,5,149,0
536,1701137580,221.87,221.95,221.47,221.93,15,149,0
537,1701137640,221.94,221.94,221.87,221.94,5,147,0
538,1701137700,221.94,222.05,221.87,221.98,8,144,0
539,1701137760,221.98,222.07,221.67,221.82,14,139,0
540,1701137820,221.82,222.08,221.77,222.0,10,143,0
541,1701137880,222.0,222.2,221.89,222.16,7,146,0
542,1701137940,222.16,222.24,222.04,222.24,6,145,0
543,1701138000,222.24,222.29,222.07,222.25,7,144,0
544,1701138060,222.25,222.47,222.16,222.47,7,132,0
545,1701138120,222.47,222.57,222.39,222.57,11,141,0
546,1701138180,222.5,222.73,222.47,222.55,14,150,0
547,1701138240,222.67,222.74,222.57,222.74,3,145,0
548,1701138300,222.74,222.74,222.56,222.62,5,149,0
549,1701138360,222.6,222.68,222.48,222.62,8,151,0
550,1701138420,222.59,222.65,222.47,222.62,11,147,0
551,1701138480,222.5,222.64,222.4,222.64,7,146,0
552,1701138540,222.64,222.66,222.47,222.6,9,142,0
553,1701138600,222.6,222.66,222.42,222.47,13,138,0
554,1701138660,222.67,222.71,222.52,222.71,7,148,0
555,1701138720,222.71,222.73,222.65,222.73,5,146,0
556,1701138780,222.73,222.73,222.57,222.73,4,140,0
557,1701138840,222.73,222.77,222.66,222.68,8,139,0
558,1701138900,222.68,222.79,222.53,222.66,11,144,0
559,1701138960,222.71,222.78,222.59,222.78,10,145,0
560,1701139020,222.78,222.9,222.71,222.9,5,139,0
561,1701139080,222.95,222.98,222.81,222.87,8,147,0
562,1701139140,222.9,223.01,222.86,222.98,8,147,0
563,1701139200,222.98,223.04,222.38,222.91,12,142,0
564,1701139260,222.91,222.96,222.86,222.86,4,137,0
565,1701139320,222.86,222.99,222.86,222.99,9,135,0
566,1701139380,222.99,223.03,222.79,222.97,8,140,0
567,1701139440,222.97,222.97,222.92,222.97,5,141,0
568,1701139500,222.97,223.07,222.77,222.78,11,136,0
569,1701139560,222.78,222.95,222.78,222.95,8,142,0
570,1701139620,222.95,222.96,222.84,222.96,5,141,0
571,1701139680,222.96,222.96,222.9,222.9,2,141,0
572,1701139740,222.9,222.9,222.8,222.85,6,136,0
573,1701139800,222.85,222.85,222.69,222.75,5,139,0
574,1701139860,222.75,222.8,222.18,222.51,9,139,0
575,1701139920,222.5,222.65,222.5,222.52,9,140,0
576,1701139980,222.61,222.73,222.54,222.73,4,140,0
577,1701140040,222.64,222.7,222.57,222.62,9,140,0
578,1701140100,222.62,222.76,222.62,222.71,6,136,0
579,1701140160,222.71,222.76,222.52,222.65,8,136,0
580,1701140220,222.65,222.65,222.04,222.54,16,142,0
581,1701140280,222.44,222.61,222.41,222.51,8,142,0
582,1701140340,222.56,222.56,222.41,222.48,9,141,0
583,1701140400,222.48,222.55,222.31,222.53,11,140,0
584,1701140460,222.53,222.58,222.42,222.55,5,138,0
585,1701140520,222.55,222.55,222.33,222.43,7,144,0
586,1701140580,222.43,222.48,222.36,222.48,7,142,0
587,1701140640,222.48,222.48,222.22,222.36,6,140,0
588,1701140700,222.31,222.31,222.22,222.24,3,139,0
589,1701140760,222.24,222.24,222.08,222.21,6,140,0
590,1701140820,222.21,222.21,221.65,222.16,8,138,0
591,1701140880,222.07,222.17,222.01,222.01,4,137,0
592,1701140940,222.11,222.16,221.87,222.09,10,148,0
593,1701141000,222.16,222.16,221.9,222.09,7,142,0
594,1701141060,222.14,222.2,222.14,222.2,5,148,0
595,1701141120,222.2,222.25,222.16,222.21,4,142,0
596,1701141180,222.21,222.21,222.1,222.15,3,141,0
597,1701141240,222.15,222.15,222.05,222.12,8,141,0
598,1701141300,222.12,222.17,221.92,221.97,9,148,0
599,1701141360,221.97,222.02,221.87,222.02,9,144,0
600,1701141420,222.02,222.02,221.8,221.8,3,141,0
601,1701141480,221.87,221.95,221.77,221.95,9,146,0
602,1701141540,221.95,222.08,221.95,222.07,7,149,0
603,1701141600,222.07,222.07,222.07,222.07,1,186,0
604,1701141660,222.13,222.18,221.97,222.17,7,176,0
605,1701141720,221.86,221.98,221.86,221.93,5,145,0
606,1701141780,221.93,221.93,221.76,221.79,5,150,0
607,1701141840,221.79,221.82,221.57,221.76,17,151,0
608,1701141900,221.83,221.83,221.71,221.74,3,145,0
609,1701141960,221.74,221.74,221.49,221.74,11,154,0
610,1701142020,221.74,221.74,221.62,221.69,8,151,0
611,1701142080,221.72,221.82,221.64,221.74,8,141,0
612,1701142140,221.64,221.8,221.64,221.75,5,143,0
613,1701142200,221.64,221.66,221.54,221.66,6,150,0
614,1701142260,221.66,221.66,221.47,221.57,6,149,0
615,1701142320,221.69,221.69,221.57,221.69,4,147,0
616,1701142380,221.69,221.75,221.47,221.59,13,138,0
617,1701142440,221.74,221.74,221.59,221.73,5,146,0
618,1701142500,221.77,221.84,221.62,221.84,6,139,0
619,1701142560,221.84,221.95,221.84,221.95,3,138,0
620,1701142620,221.96,221.96,221.78,221.96,4,132,0
621,1701142680,221.96,221.96,221.77,221.77,12,144,0
622,1701142740,221.77,221.88,221.72,221.88,6,143,0
623,1701142800,221.88,221.93,221.83,221.93,3,142,0
624,1701142860,221.99,221.99,221.68,221.83,5,139,0
625,1701142920,221.88,221.88,221.88,221.88,1,138,0
626,1701142980,221.88,221.88,221.88,221.88,1,139,0
627,1701143040,221.88,221.88,221.72,221.75,4,139,0
628,1701143100,221.75,221.75,221.75,221.75,1,137,0
629,1701143160,221.75,221.75,221.75,221.75,1,140,0
630,1701143220,221.75,221.84,221.65,221.84,7,138,0
631,1701143280,221.84,221.84,221.84,221.84,1,138,0
632,1701143340,221.84,221.84,221.63,221.63,8,139,0
633,1701143400,221.75,221.81,221.74,221.74,3,138,0
634,1701143460,221.74,221.82,221.72,221.82,6,133,0
635,1701143520,221.82,221.87,221.75,221.75,4,137,0
636,1701143580,221.82,221.82,221.69,221.77,8,138,0
637,1701143640,221.7,221.83,221.7,221.83,2,143,0
638,1701143700,221.83,221.83,221.7,221.76,6,139,0
639,1701143760,221.7,221.84,221.48,221.58,15,136,0
640,1701143820,221.58,221.58,221.04,221.54,14,134,0
641,1701143880,221.47,221.6,221.04,221.51,18,134,0
642,1701143940,221.51,221.61,221.42,221.61,4,132,0
643,1701144000,221.61,221.61,221.42,221.54,6,139,0
644,1701144060,221.54,221.54,221.31,221.48,6,144,0
645,1701144120,221.48,221.5,221.41,221.44,5,142,0
646,1701144180,221.44,221.44,221.2,221.21,10,139,0
647,1701144240,221.21,221.27,221.11,221.2,5,139,0
648,1701144300,221.2,221.2,220.95,221.05,21,144,0
649,1701144360,221.05,221.11,220.67,220.97,15,144,0
650,1701144420,220.97,220.97,220.74,220.88,11,145,0
651,1701144480,220.93,220.97,220.76,220.79,12,141,0
652,1701144540,220.79,220.79,220.62,220.68,5,141,0
653,1701144600,220.68,220.69,220.24,220.69,13,146,0
654,1701144660,220.69,220.8,220.18,220.79,8,144,0
655,1701144720,220.79,220.83,220.65,220.74,12,141,0
656,1701144780,220.74,220.88,220.61,220.88,10,136,0
657,1701144840,220.78,221.05,220.78,221.05,6,139,0
658,1701144900,221.05,221.1,220.46,220.98,12,134,0
659,1701144960,220.98,221.12,220.86,221.03,12,142,0
660,1701145020,221.1,221.33,221.1,221.33,7,132,0
661,1701145080,221.33,221.45,221.18,221.45,4,137,0
662,1701145140,221.4,221.47,221.29,221.47,5,136,0
663,1701145200,221.47,221.47,221.32,221.46,5,136,0
664,1701145260,221.46,221.51,221.46,221.5,3,139,0
665,1701145320,221.5,221.51,221.3,221.51,5,141,0
666,1701145380,221.42,221.44,221.18,221.31,10,141,0
667,1701145440,221.31,221.41,221.31,221.41,3,138,0
668,1701145500,221.41,221.53,221.4,221.52,7,141,0
669,1701145560,221.52,221.52,221.41,221.47,6,136,0
670,1701145620,221.47,221.52,221.47,221.52,2,141,0
671,1701145680,221.52,221.64,221.41,221.64,6,141,0
672,1701145740,221.64,221.64,221.5,221.54,11,144,0
673,1701145800,221.67,221.67,221.55,221.63,5,145,0
674,1701145860,221.47,221.67,221.42,221.59,8,136,0
675,1701145920,221.59,221.65,221.52,221.65,4,139,0
676,1701145980,221.65,221.65,221.38,221.55,8,140,0
677,1701146040,221.55,221.66,221.48,221.66,4,136,0
678,1701146100,221.66,221.76,221.57,221.76,4,136,0
679,1701146160,221.76,221.81,221.76,221.81,2,136,0
680,1701146220,221.81,221.88,221.7,221.88,7,145,0
681,1701146280,221.7,222.16,221.33,222.16,11,132,0
682,1701146340,222.16,222.16,222.05,222.1,5,137,0
683,1701146400,222.1,222.15,221.5,222.1,11,138,0
684,1701146460,222.1,222.1,221.92,222.01,12,146,0
685,1701146520,222.01,222.07,221.89,222.03,6,146,0
686,1701146580,222.03,222.03,222.03,222.03,1,150,0
687,1701146640,222.03,222.13,222.02,222.13,4,135,0
688,1701146700,222.03,222.18,222.03,222.12,3,135,0
689,1701146760,222.12,222.17,222.01,222.13,5,145,0
690,1701146820,222.13,222.17,221.57,222.11,13,146,0
691,1701146880,222.11,222.17,222.11,222.11,3,146,0
692,1701146940,222.11,222.17,222.01,222.13,5,136,0
693,1701147000,222.13,222.13,222.01,222.06,6,141,0
694,1701147060,221.96,222.03,221.96,222.03,4,139,0
695,1701147120,222.08,222.08,221.85,222.0,8,134,0
696,1701147180,222.0,222.16,221.88,222.16,5,140,0
697,1701147240,222.05,222.18,221.92,222.1,10,146,0
698,1701147300,222.04,222.13,221.97,222.07,10,144,0
699,1701147360,222.07,222.07,221.98,222.01,3,146,0
700,1701147420,222.06,222.06,222.06,222.06,1,142,0
701,1701147480,222.06,222.06,221.9,222.03,8,142,0
702,1701147540,222.03,222.03,222.03,222.03,1,145,0
703,1701147600,222.03,222.03,221.97,222.02,3,145,0
704,1701147660,222.02,222.02,221.9,221.96,5,141,0
705,1701147720,221.96,221.97,221.83,221.97,5,140,0
706,1701147780,221.97,221.97,221.97,221.97,1,140,0
707,1701147840,221.97,221.97,221.84,221.96,6,140,0
708,1701147900,221.96,221.96,221.96,221.96,1,141,0
709,1701147960,221.96,221.96,221.96,221.96,1,141,0
710,1701148020,221.96,221.96,221.96,221.96,1,141,0
711,1701148080,221.96,222.06,221.96,222.06,3,141,0
712,1701148140,222.06,222.15,221.95,222.15,4,137,0
713,1701148200,222.15,222.26,222.06,222.26,6,126,0
714,1701148260,222.26,222.26,222.09,222.09,7,136,0
715,1701148320,222.15,222.15,221.98,222.04,5,142,0
716,1701148380,222.04,222.04,221.48,221.93,6,138,0
717,1701148440,221.93,221.93,221.93,221.93,1,148,0
718,1701148500,221.93,221.98,221.85,221.85,4,135,0
719,1701148560,221.91,221.96,221.81,221.81,4,137,0
720,1701148620,221.81,221.87,221.81,221.87,2,140,0
721,1701148680,221.81,221.86,221.73,221.85,7,127,0
722,1701148740,221.85,221.91,221.85,221.91,2,132,0
723,1701148800,221.91,221.96,221.83,221.96,3,132,0
724,1701148860,221.96,221.96,221.96,221.96,1,137,0
725,1701148920,221.96,221.96,221.91,221.91,2,137,0
726,1701148980,221.91,221.95,221.76,221.95,6,141,0
727,1701149040,221.95,221.95,221.78,221.91,4,138,0
728,1701149100,221.91,221.91,221.81,221.87,4,136,0
729,1701149160,221.81,221.93,221.81,221.93,3,131,0
730,1701149220,221.93,221.93,221.75,221.91,7,138,0
731,1701149280,221.96,221.96,221.96,221.96,1,140,0
732,1701149340,221.96,221.96,221.96,221.96,1,140,0
733,1701149400,221.97,222.11,221.78,222.11,15,141,0
734,1701149460,222.04,222.16,221.98,222.1,5,132,0
735,1701149520,221.98,222.04,221.92,222.04,6,128,0
736,1701149580,222.04,222.04,221.92,221.92,3,138,0
737,1701149640,221.92,221.97,221.91,221.91,3,135,0
738,1701149700,221.91,221.94,221.77,221.79,7,134,0
739,1701149760,221.79,221.9,221.69,221.8,11,134,0
740,1701149820,221.8,221.9,221.69,221.9,4,122,0
741,1701149880,221.9,221.9,221.85,221.85,2,132,0
742,1701149940,221.74,221.84,221.74,221.84,3,144,0
743,1701150000,221.84,221.94,221.84,221.94,4,138,0
744,1701150060,221.94,221.94,221.71,221.78,7,132,0
745,1701150120,221.78,221.81,221.63,221.81,5,131,0
746,1701150180,221.81,221.81,221.63,221.76,3,131,0
747,1701150240,221.76,221.76,221.18,221.62,7,136,0
748,1701150300,221.62,221.67,221.56,221.67,3,136,0
749,1701150360,221.67,221.67,221.56,221.56,2,136,0
750,1701150420,221.62,221.62,221.39,221.51,4,141,0
751,1701150480,221.51,221.51,221.39,221.43,4,142,0
752,1701150540,221.43,221.44,221.25,221.42,8,139,0
753,1701150600,221.42,221.55,221.33,221.55,7,138,0
754,1701150660,221.44,221.44,221.34,221.34,3,134,0
755,1701150720,221.34,221.45,221.34,221.45,3,128,0
756,1701150780,221.5,221.5,221.31,221.45,6,133,0
757,1701150840,221.45,221.45,221.33,221.39,3,143,0
758,1701150900,221.39,221.53,221.33,221.53,9,147,0
759,1701150960,221.53,221.58,221.46,221.49,6,134,0
760,1701151020,221.49,221.54,221.38,221.53,7,139,0
761,1701151080,221.53,221.53,221.53,221.53,1,139,0
762,1701151140,221.53,221.58,221.53,221.58,2,134,0
763,1701151200,221.58,221.58,221.47,221.58,4,134,0
764,1701151260,221.58,221.58,221.31,221.43,9,134,0
765,1701151320,221.38,221.38,221.25,221.36,4,135,0
766,1701151380,221.36,221.41,221.25,221.41,7,131,0
767,1701151440,221.41,221.41,221.25,221.25,5,138,0
768,1701151500,221.35,221.35,221.35,221.35,1,140,0
769,1701151560,221.35,221.35,221.19,221.29,6,135,0
770,1701151620,221.29,221.49,221.19,221.49,12,138,0
771,1701151680,221.49,221.59,221.43,221.59,4,133,0
772,1701151740,221.59,221.74,221.53,221.74,6,128,0
773,1701151800,221.74,221.78,221.74,221.78,2,124,0
774,1701151860,221.78,221.83,221.77,221.83,3,134,0
775,1701151920,221.83,221.83,221.24,221.66,9,142,0
776,1701151980,221.57,221.72,221.57,221.67,4,140,0
777,1701152040,221.67,221.72,221.49,221.68,11,135,0
778,1701152100,221.68,221.75,221.51,221.63,8,138,0
779,1701152160,221.63,221.68,221.53,221.67,6,135,0
780,1701152220,221.67,221.67,221.08,221.63,7,136,0
781,1701152280,221.63,221.63,221.41,221.52,5,141,0
782,1701152340,221.52,221.52,221.35,221.43,7,140,0
783,1701152400,221.53,221.64,221.43,221.64,4,144,0
784,1701152460,221.64,221.75,221.53,221.75,4,143,0
785,1701152520,221.75,221.76,221.65,221.75,5,146,0
786,1701152580,221.75,221.75,221.41,221.55,10,141,0
787,1701152640,221.55,221.55,221.33,221.45,8,137,0
788,1701152700,221.45,221.45,221.28,221.41,4,137,0
789,1701152760,221.41,221.41,221.18,221.33,6,140,0
790,1701152820,221.33,221.33,221.12,221.26,9,140,0
791,1701152880,221.26,221.26,221.2,221.21,5,142,0
792,1701152940,221.21,221.21,221.09,221.15,4,137,0
793,1701153000,221.15,221.21,221.13,221.19,4,134,0
794,1701153060,221.19,221.24,221.04,221.2,6,145,0
795,1701153120,221.15,221.21,221.07,221.15,4,132,0
796,1701153180,221.15,221.17,221.07,221.09,5,138,0
797,1701153240,221.09,221.14,220.87,221.14,11,139,0
798,1701153300,221.14,221.14,220.82,221.05,7,143,0
799,1701153360,221.05,221.05,220.87,220.99,6,139,0
800,1701153420,220.99,221.09,220.87,221.09,4,138,0
801,1701153480,221.09,221.14,220.96,221.14,8,134,0
802,1701153540,221.14,221.15,221.14,221.15,2,147,0
803,1701153600,221.15,221.25,221.07,221.25,5,137,0
804,1701153660,221.25,221.25,220.94,221.07,6,137,0
805,1701153720,221.07,221.07,220.88,221.06,8,136,0
806,1701153780,221.06,221.1,220.92,220.95,9,142,0
807,1701153840,221.04,221.07,220.88,221.07,6,144,0
808,1701153900,221.07,221.07,220.97,221.03,3,145,0
809,1701153960,221.03,221.03,220.45,220.82,17,139,0
810,1701154020,220.87,220.87,220.67,220.87,6,146,0
811,1701154080,220.7,220.76,220.57,220.76,12,148,0
812,1701154140,220.76,220.76,220.56,220.69,13,147,0
813,1701154200,220.69,220.75,220.57,220.57,6,152,0
814,1701154260,220.56,220.75,220.56,220.75,4,145,0
815,1701154320,220.75,220.86,220.59,220.74,11,137,0
816,1701154380,220.74,220.74,220.61,220.73,4,148,0
817,1701154440,220.73,220.79,220.64,220.64,4,150,0
818,1701154500,220.56,220.76,220.56,220.75,8,142,0
819,1701154560,220.75,220.85,220.63,220.79,10,138,0
820,1701154620,220.76,220.81,220.66,220.72,6,142,0
821,1701154680,220.72,220.72,220.6,220.72,4,141,0
822,1701154740,220.6,220.66,220.52,220.52,5,145,0
823,1701154800,220.4,220.64,220.4,220.64,4,139,0
824,1701154860,220.64,220.77,220.58,220.65,12,135,0
825,1701154920,220.65,220.71,220.57,220.6,10,142,0
826,1701154980,220.6,220.65,220.4,220.52,11,147,0
827,1701155040,220.52,220.53,220.2,220.27,11,139,0
828,1701155100,220.27,220.32,219.92,219.98,13,141,0
829,1701155160,219.82,220.04,219.48,219.66,18,139,0
830,1701155220,219.78,219.91,219.66,219.88,13,152,0
831,1701155280,219.88,219.89,219.5,219.52,9,146,0
832,1701155340,219.5,219.69,219.5,219.62,12,145,0
833,1701155400,219.46,219.58,219.24,219.32,17,144,0
834,1701155460,219.32,219.53,219.24,219.25,13,152,0
835,1701155520,219.25,219.73,219.25,219.69,15,145,0
836,1701155580,219.58,219.82,219.56,219.7,14,138,0
837,1701155640,219.7,219.76,219.58,219.76,5,138,0
838,1701155700,219.6,219.79,219.47,219.72,15,141,0
839,1701155760,219.72,219.89,219.64,219.76,8,131,0
840,1701155820,219.77,219.99,219.71,219.99,16,150,0
841,1701155880,219.99,219.99,219.63,219.74,18,149,0
842,1701155940,219.74,219.8,219.59,219.8,11,140,0
843,1701156000,219.7,219.72,219.51,219.57,11,142,0
844,1701156060,219.51,219.63,219.44,219.53,11,140,0
845,1701156120,219.44,219.59,219.28,219.3,12,134,0
846,1701156180,219.36,219.48,219.29,219.44,7,135,0
847,1701156240,219.38,219.4,219.3,219.34,5,143,0
848,1701156300,219.26,219.36,219.26,219.36,14,146,0
849,1701156360,219.36,219.54,219.26,219.54,13,145,0
850,1701156420,219.44,219.52,219.34,219.52,15,145,0
851,1701156480,219.44,219.6,219.35,219.6,13,148,0
852,1701156540,219.6,219.71,219.6,219.66,5,132,0
853,1701156600,219.6,219.66,219.51,219.54,6,137,0
854,1701156660,219.59,219.59,219.44,219.57,7,141,0
855,1701156720,219.57,219.69,219.44,219.6,12,144,0
856,1701156780,219.66,219.66,219.54,219.54,4,143,0
857,1701156840,219.54,219.7,219.47,219.54,10,138,0
858,1701156900,219.55,219.56,219.5,219.5,3,145,0
859,1701156960,219.55,219.55,219.28,219.45,14,146,0
860,1701157020,219.45,219.45,218.79,218.87,17,145,0
861,1701157080,218.76,219.15,218.71,219.15,15,145,0
862,1701157140,219.15,219.45,218.95,219.37,16,142,0
863,1701157200,219.4,219.58,219.17,219.58,15,145,0
864,1701157260,219.56,219.79,219.37,219.68,22,140,0
865,1701157320,219.68,219.75,219.5,219.53,14,148,0
866,1701157380,219.53,219.6,219.37,219.55,14,148,0
867,1701157440,219.48,219.58,219.38,219.46,10,150,0
868,1701157500,219.46,219.52,219.27,219.36,9,147,0
869,1701157560,219.4,219.61,219.07,219.61,18,139,0
870,1701157620,219.47,219.73,219.35,219.73,12,145,0
871,1701157680,219.59,219.81,219.09,219.38,16,142,0
872,1701157740,219.27,219.64,219.27,219.62,20,141,0
873,1701157800,219.62,219.67,219.44,219.61,14,146,0
874,1701157860,219.61,219.75,219.43,219.75,18,145,0
875,1701157920,219.75,219.75,219.47,219.62,10,144,0
876,1701157980,219.62,219.72,219.43,219.7,15,134,0
877,1701158040,219.7,219.7,219.47,219.49,6,152,0
878,1701158100,219.43,219.55,219.43,219.55,2,148,0
879,1701158160,219.55,219.76,219.5,219.65,8,132,0
880,1701158220,219.6,219.6,219.31,219.37,12,148,0
881,1701158280,219.37,219.42,219.27,219.39,6,151,0
882,1701158340,219.26,219.38,219.21,219.32,8,131,0
883,1701158400,219.21,219.25,218.94,219.05,12,146,0
884,1701158460,219.05,219.16,218.81,219.16,20,147,0
885,1701158520,219.04,219.47,219.04,219.46,11,142,0
886,1701158580,219.4,219.52,219.27,219.52,10,141,0
887,1701158640,219.52,219.52,219.07,219.13,10,141,0
888,1701158700,219.13,219.25,218.94,219.06,15,148,0
889,1701158760,219.06,219.22,219.05,219.05,9,141,0
890,1701158820,219.07,219.21,218.87,219.21,14,142,0
891,1701158880,219.21,219.41,219.07,219.41,11,145,0
892,1701158940,219.41,219.51,219.24,219.37,18,146,0
893,1701159000,219.47,219.61,219.31,219.43,15,146,0
894,1701159060,219.31,219.6,219.31,219.54,12,139,0
895,1701159120,219.54,219.67,219.45,219.67,7,136,0
896,1701159180,219.59,219.88,219.59,219.88,11,133,0
897,1701159240,219.93,219.93,219.71,219.71,10,149,0
898,1701159300,219.71,219.99,219.63,219.99,13,148,0
899,1701159360,219.99,219.99,219.83,219.91,7,153,0
900,1701159420,219.93,219.99,219.83,219.91,6,150,0
901,1701159480,219.96,220.08,219.85,220.06,12,146,0
902,1701159540,220.06,220.18,220.01,220.06,17,151,0
903,1701159600,220.06,220.19,220.01,220.12,12,154,0
904,1701159660,220.19,220.19,219.9,220.1,14,153,0
905,1701159720,220.1,220.12,219.94,220.0,15,152,0
906,1701159780,219.96,220.12,219.95,220.1,10,146,0
907,1701159840,220.1,220.11,220.1,220.11,2,152,0
908,1701159900,219.99,220.18,219.87,220.18,13,145,0
909,1701159960,220.18,220.18,220.01,220.1,8,145,0
910,1701160020,220.1,220.1,219.97,219.97,9,143,0
911,1701160080,219.98,220.1,219.92,220.08,7,143,0
912,1701160140,220.08,220.17,219.89,220.07,11,135,0
913,1701160200,220.07,220.27,219.99,220.21,9,135,0
914,1701160260,220.21,220.26,220.04,220.1,8,136,0
915,1701160320,220.2,220.26,220.03,220.26,7,142,0
916,1701160380,220.13,220.36,220.13,220.36,8,136,0
917,1701160440,220.27,220.53,220.2,220.37,16,134,0
918,1701160500,220.46,220.65,220.46,220.65,5,143,0
919,1701160560,220.71,220.71,220.57,220.59,9,150,0
920,1701160620,220.62,220.7,220.51,220.7,12,143,0
921,1701160680,220.7,220.76,220.59,220.69,6,147,0
922,1701160740,220.69,220.75,220.55,220.67,9,148,0
923,1701160800,220.67,220.67,220.47,220.56,10,143,0
924,1701160860,220.47,220.75,220.47,220.75,14,147,0
925,1701160920,220.75,220.77,220.71,220.71,3,148,0
926,1701160980,220.71,220.77,220.71,220.77,3,145,0
927,1701161040,220.72,220.82,220.62,220.77,6,141,0
928,1701161100,220.77,220.84,220.67,220.67,7,145,0
929,1701161160,220.78,220.83,220.67,220.7,6,146,0
930,1701161220,220.67,220.67,220.39,220.54,13,135,0
931,1701161280,220.54,220.57,220.39,220.57,8,142,0
932,1701161340,220.57,220.57,220.4,220.51,10,145,0
933,1701161400,220.51,220.51,220.38,220.38,4,143,0
934,1701161460,220.41,220.47,220.3,220.41,6,135,0
935,1701161520,220.46,223.12,220.24,222.41,36,139,0
936,1701161580,222.41,222.73,222.41,222.42,20,160,0
937,1701161640,222.42,222.42,221.82,221.91,21,147,0
938,1701161700,221.86,222.42,221.72,221.93,48,154,0
939,1701161760,221.93,222.08,221.52,221.97,23,155,0
940,1701161820,221.93,222.31,221.82,222.24,24,149,0
941,1701161880,222.25,222.32,221.92,222.14,19,154,0
942,1701161940,222.12,222.19,221.83,221.98,14,150,0
943,1701162000,221.92,222.0,221.82,221.83,21,142,0
944,1701162060,221.82,222.02,221.82,221.87,19,154,0
945,1701162120,221.87,221.87,221.73,221.73,9,148,0
946,1701162180,221.73,221.95,221.73,221.73,14,151,0
947,1701162240,221.73,221.88,221.73,221.73,9,144,0
948,1701162300,221.73,221.73,221.73,221.73,1,140,0
949,1701162360,221.73,221.85,221.73,221.73,10,145,0
950,1701162420,221.73,221.98,221.73,221.97,15,147,0
951,1701162480,221.97,221.97,221.78,221.87,14,147,0
952,1701162540,221.87,221.87,221.78,221.78,3,138,0
953,1701162600,221.78,221.88,221.78,221.83,10,140,0
954,1701162660,221.78,221.78,221.78,221.78,1,145,0
955,1701162720,221.78,221.78,221.78,221.78,1,141,0
956,1701162780,221.78,221.78,221.78,221.78,1,129,0
957,1701162840,221.78,221.78,221.58,221.69,6,129,0
958,1701162900,221.58,221.75,221.58,221.74,10,132,0
959,1701162960,221.69,221.78,221.68,221.69,10,132,0
960,1701163020,221.69,221.78,221.68,221.68,5,132,0
961,1701163080,221.68,221.68,221.68,221.68,1,137,0
962,1701163140,221.68,221.68,221.59,221.59,2,141,0
963,1701163200,221.59,221.67,221.58,221.67,5,129,0
964,1701163260,221.67,221.67,221.67,221.67,1,145,0
965,1701163320,221.67,221.67,221.58,221.58,4,134,0
966,1701163380,221.58,221.68,221.58,221.68,7,128,0
967,1701163440,221.68,221.68,221.39,221.47,6,133,0
968,1701163500,221.47,221.47,221.38,221.39,3,131,0
969,1701163560,221.39,221.39,221.19,221.27,4,133,0
970,1701163620,221.27,221.27,221.18,221.18,2,134,0
971,1701163680,221.18,221.18,221.07,221.07,2,137,0
972,1701163740,221.07,221.07,220.98,220.99,3,132,0
973,1701163800,220.98,221.12,220.98,221.09,10,138,0
974,1701163860,221.11,221.23,220.98,221.23,10,135,0
975,1701163920,221.12,221.68,221.12,221.37,21,134,0
976,1701163980,221.53,221.66,221.45,221.45,14,128,0
977,1701164040,221.45,221.57,220.98,221.23,25,125,0
978,1701164100,221.15,221.44,221.15,221.32,14,128,0
979,1701164160,221.32,221.53,221.17,221.37,13,126,0
980,1701164220,221.37,221.43,221.07,221.07,6,140,0
981,1701164280,221.07,221.67,221.07,221.67,14,145,0
982,1701164340,221.67,221.77,221.47,221.47,11,139,0
983,1701164400,221.47,221.65,221.37,221.65,11,139,0
984,1701164460,221.47,221.85,221.47,221.8,12,140,0
985,1701164520,221.8,221.89,221.76,221.77,11,135,0
986,1701164580,221.77,221.9,221.67,221.9,4,139,0
987,1701164640,221.87,221.97,221.87,221.96,4,139,0
988,1701164700,221.97,221.97,221.97,221.97,1,137,0
989,1701164760,221.97,221.97,221.74,221.77,3,129,0
990,1701164820,221.77,221.78,221.77,221.77,3,142,0
991,1701164880,221.77,221.77,221.77,221.77,1,148,0
992,1701164940,221.77,221.78,221.77,221.78,2,147,0
993,1701165000,221.77,221.87,221.77,221.87,6,141,0
994,1701165060,221.87,222.07,221.77,221.96,8,141,0
995,1701165120,221.96,222.06,221.96,221.96,3,144,0
996,1701165180,221.96,222.17,221.96,222.17,6,145,0
997,1701165240,222.17,222.27,222.07,222.27,7,141,0
998,1701165300,222.27,222.37,222.27,222.37,2,134,0
999,1701165360,222.37,222.37,222.07,222.17,6,140,0
